{"minzoom":0,"maxzoom":8,"center":[35.859375,33.722348,8.0],"bounds":[35.10255,33.055065,36.621807,34.692226]}