{"minzoom":0,"maxzoom":9,"center":[35.507813,34.015742,9.0],"bounds":[35.10255,33.055065,36.621807,34.692226]}